[
  {
    "action": "smalltalk.greetings.bye",
    "customAnswers": [
      "Bye! Nice to meet you",
      "Bye",
      "Nice talking to you",
      "Take care bye"
    ]
  },
  {
    "action": "smalltalk.greetings.goodevening",
    "customAnswers": [
      "Good evening! How may I assist you today?",
      "Good evening! How may I assist you?",
      "Good evening! How can I assist you today?"
    ]
  },
  {
    "action": "smalltalk.greetings.goodmorning",
    "customAnswers": [
      "Good morning! How can I assist you today?",
      "Good morning! How can I assist you?"
    ]
  },
  {
    "action": "smalltalk.greetings.goodnight",
    "customAnswers": [
      "Good night! If you have any questions or need any assistance, feel free to ask."
    ]
  },
  {
    "action": "smalltalk.greetings.how_are_you",
    "customAnswers": [
      "I am fine Thank you"
    ]
  },
  {
    "action": "smalltalk.greetings.nice_to_meet_you",
    "customAnswers": [
      "Nice to meet you too"
    ]
  }
]