[
  {
    "id": "0ef414b4-ca09-4bd1-94ee-d0b966120a57",
    "data": [
      {
        "text": "Help me to convert",
        "userDefined": false
      }
    ],
    "isTemplate": false,
    "count": 0,
    "lang": "en",
    "updated": 0
  },
  {
    "id": "25e2cb85-19b8-4836-85b3-053a8da0690d",
    "data": [
      {
        "text": "could you convert ",
        "userDefined": false
      },
      {
        "text": "100 yen",
        "meta": "@sys.unit-currency",
        "alias": "unit-currency",
        "userDefined": false
      },
      {
        "text": " to ",
        "userDefined": false
      },
      {
        "text": "ruble",
        "meta": "@sys.currency-name",
        "alias": "currency-name",
        "userDefined": true
      }
    ],
    "isTemplate": false,
    "count": 0,
    "lang": "en",
    "updated": 0
  },
  {
    "id": "162795c4-af0d-4db4-a62f-5da13acb95ad",
    "data": [
      {
        "text": "please convert ",
        "userDefined": false
      },
      {
        "text": "15 euros",
        "meta": "@sys.unit-currency",
        "alias": "unit-currency",
        "userDefined": false
      },
      {
        "text": " to ",
        "userDefined": false
      },
      {
        "text": "pounds",
        "meta": "@sys.currency-name",
        "alias": "currency-name",
        "userDefined": false
      }
    ],
    "isTemplate": false,
    "count": 0,
    "lang": "en",
    "updated": 0
  },
  {
    "id": "098d37d8-7361-4b4b-af49-1d0af3a1aeed",
    "data": [
      {
        "text": "Convert ",
        "userDefined": false
      },
      {
        "text": "1000 pkr",
        "meta": "@sys.unit-currency",
        "alias": "unit-currency",
        "userDefined": false
      },
      {
        "text": " to ",
        "userDefined": false
      },
      {
        "text": "USD",
        "meta": "@sys.currency-name",
        "alias": "currency-name",
        "userDefined": false
      }
    ],
    "isTemplate": false,
    "count": 0,
    "lang": "en",
    "updated": 0
  },
  {
    "id": "a4e27ea9-a29c-425b-8016-5fd2f06af5d5",
    "data": [
      {
        "text": "Can you please convert ",
        "userDefined": false
      },
      {
        "text": "100 USD",
        "meta": "@sys.unit-currency",
        "alias": "unit-currency",
        "userDefined": false
      },
      {
        "text": " to ",
        "userDefined": false
      },
      {
        "text": "Pkr",
        "meta": "@sys.currency-name",
        "alias": "currency-name",
        "userDefined": false
      }
    ],
    "isTemplate": false,
    "count": 0,
    "lang": "en",
    "updated": 0
  }
]