[
  {
    "id": "a5d6a74e-5cb6-410d-bf49-06631b1bff92",
    "data": [
      {
        "text": "I don\u0027t know what to do",
        "userDefined": false
      }
    ],
    "isTemplate": false,
    "count": 0,
    "lang": "en",
    "updated": 0
  },
  {
    "id": "0796680c-7c88-4ac0-87a7-9639f4543a56",
    "data": [
      {
        "text": "could you help me",
        "userDefined": false
      }
    ],
    "isTemplate": false,
    "count": 0,
    "lang": "en",
    "updated": 0
  },
  {
    "id": "d2ca2350-4cea-4e82-8486-81d488c438b3",
    "data": [
      {
        "text": "need help",
        "userDefined": false
      }
    ],
    "isTemplate": false,
    "count": 0,
    "lang": "en",
    "updated": 0
  },
  {
    "id": "ad5a896a-23e3-4bd4-9f4c-63f3dc294e4c",
    "data": [
      {
        "text": "Iam stuck help me",
        "userDefined": false
      }
    ],
    "isTemplate": false,
    "count": 0,
    "lang": "en",
    "updated": 0
  },
  {
    "id": "045800d4-6ebd-4ba1-b5b8-50bbad479d02",
    "data": [
      {
        "text": "help me",
        "userDefined": false
      }
    ],
    "isTemplate": false,
    "count": 0,
    "lang": "en",
    "updated": 0
  },
  {
    "id": "e0b1d8c3-9999-4793-87d1-aa237be5ea1b",
    "data": [
      {
        "text": "please help me",
        "userDefined": false
      }
    ],
    "isTemplate": false,
    "count": 0,
    "lang": "en",
    "updated": 0
  }
]